__v,_id,createdAt,email,firstName,lastName,mobile,updateAt,wallet
0,64fb5a4ea303a95ed448610b,2023-09-08T17:25:40.660Z,RezaTa@gmail.com,e 1,e 1,9150664943,2023-09-08T17:25:40.660Z,0
0,64fb5a5ca303a95ed448610d,2023-09-08T17:25:40.660Z,RezaTa@gmail.com,e 2,e 2,9150664943,2023-09-08T17:25:40.660Z,0
0,64fb5a60a303a95ed448610f,2023-09-08T17:25:40.660Z,RezaTa@gmail.com,e 3,e 3,9150664943,2023-09-08T17:25:40.660Z,0
0,64fb5a66a303a95ed4486111,2023-09-08T17:25:40.660Z,RezaTa@gmail.com,e 4,e 4,9150664943,2023-09-08T17:25:40.660Z,0
0,64fb5a69a303a95ed4486113,2023-09-08T17:25:40.660Z,RezaTa@gmail.com,e 5,e 5,9150664943,2023-09-08T17:25:40.660Z,0
0,64fb5a6fa303a95ed4486115,2023-09-08T17:25:40.660Z,RezaTa@gmail.com,e 6,e 6,9150664943,2023-09-08T17:25:40.660Z,0
0,64fb5acfa303a95ed448611b,2023-09-08T17:25:40.660Z,RezaTa@gmail.com,e 7,e 7,9150664943,2023-09-08T17:25:40.660Z,0
0,64fb5ad3a303a95ed448611d,2023-09-08T17:25:40.660Z,RezaTa@gmail.com,e 8,e 8,9150664943,2023-09-08T17:25:40.660Z,0
0,64fb5adaa303a95ed448611f,2023-09-08T17:25:40.660Z,RezaTa@gmail.com,e 9,e 9,9150664943,2023-09-08T17:25:40.660Z,0
0,64fb5adfa303a95ed4486121,2023-09-08T17:25:40.660Z,RezaTa@gmail.com,e 10,e 10,9150664943,2023-09-08T17:25:40.660Z,0
0,64fb5ae8a303a95ed4486123,2023-09-08T17:25:40.660Z,RezaTa@gmail.com,e 11,e 11,9150664943,2023-09-08T17:25:40.660Z,0
